filename;words
10030.jpg;
10214.jpg;
10252.jpg;
10029.jpg;
10307.jpg;
10104.jpg;
10228.jpg;
10022.jpg;
10283.jpg;
10077.jpg;
10243.jpg;
10106.jpg;
10125.jpg;
10110.jpg;
10028.jpg;
10221.jpg;
10112.jpg;
10102.jpg;
10285.jpg;
10149.jpg;
10273.jpg;
10015.jpg;
10281.jpg;
10372.jpg;
10137.jpg;
10358.jpg;
10002.jpg;
10127.jpg;
10349.jpg;
10289.jpg;
10114.jpg;
10309.jpg;
10079.jpg;
10233.jpg;
10039.jpg;
10239.jpg;
10286.jpg;
10175.jpg;
10036.jpg;
10313.jpg;
10031.jpg;
10191.jpg;
10065.jpg;
10352.jpg;
10336.jpg;
10086.jpg;
10353.jpg;
10046.jpg;
10008.jpg;
10054.jpg;
10174.jpg;
10203.jpg;
10082.jpg;
10021.jpg;
10324.jpg;
10270.jpg;
10200.jpg;
10111.jpg;
10355.jpg;
10058.jpg;
10090.jpg;
10035.jpg;
10220.jpg;
10237.jpg;
10345.jpg;
10171.jpg;
10234.jpg;
10282.jpg;
10287.jpg;
10073.jpg;
10245.jpg;
10033.jpg;
10025.jpg;
10338.jpg;
10305.jpg;
10164.jpg;
10038.jpg;
10122.jpg;
10275.jpg;
10330.jpg;
10211.jpg;
10374.jpg;
10134.jpg;
10074.jpg;
10136.jpg;
10205.jpg;
10101.jpg;
10296.jpg;
10144.jpg;
10007.jpg;
10176.jpg;
10061.jpg;
10081.jpg;
10183.jpg;
10334.jpg;
10278.jpg;
10140.jpg;
10310.jpg;
10260.jpg;
10088.jpg;
10277.jpg;
10169.jpg;
10042.jpg;
10043.jpg;
10376.jpg;
10215.jpg;
10276.jpg;
10356.jpg;
10059.jpg;
10109.jpg;
10044.jpg;
10227.jpg;
10258.jpg;
10000.jpg;
10259.jpg;
10204.jpg;
10107.jpg;
10382.jpg;
10133.jpg;
10195.jpg;
10369.jpg;
10172.jpg;
10380.jpg;
10155.jpg;
10165.jpg;
10055.jpg;
10014.jpg;
10192.jpg;
10319.jpg;
10020.jpg;
10182.jpg;
10207.jpg;
10219.jpg;
10016.jpg;
10364.jpg;
10302.jpg;
10076.jpg;
10373.jpg;
10118.jpg;
10010.jpg;
10343.jpg;
10085.jpg;
10250.jpg;
10049.jpg;
10041.jpg;
10189.jpg;
10069.jpg;
10050.jpg;
10156.jpg;
10194.jpg;
10371.jpg;
10138.jpg;
10056.jpg;
10187.jpg;
10148.jpg;
10150.jpg;
10288.jpg;
10113.jpg;
10344.jpg;
10060.jpg;
10032.jpg;
10094.jpg;
10157.jpg;
10159.jpg;
10213.jpg;
10238.jpg;
10199.jpg;
10147.jpg;
10121.jpg;
10068.jpg;
10072.jpg;
10208.jpg;
10067.jpg;
10173.jpg;
10290.jpg;
10299.jpg;
10053.jpg;
10357.jpg;
10132.jpg;
10216.jpg;
10129.jpg;
10210.jpg;
10047.jpg;
10230.jpg;
10092.jpg;
10142.jpg;
10223.jpg;
10024.jpg;
10274.jpg;
10377.jpg;
10311.jpg;
10256.jpg;
10348.jpg;
10229.jpg;
10179.jpg;
10096.jpg;
10300.jpg;
10099.jpg;
10267.jpg;
10193.jpg;
10314.jpg;
10151.jpg;
10362.jpg;
10209.jpg;
10180.jpg;
10181.jpg;
10103.jpg;
10089.jpg;
10329.jpg;
10116.jpg;
10100.jpg;
10224.jpg;
10162.jpg;
10201.jpg;
10188.jpg;
10005.jpg;
10178.jpg;
10091.jpg;
10322.jpg;
10123.jpg;
10087.jpg;
10158.jpg;
10236.jpg;
10185.jpg;
10303.jpg;
10040.jpg;
10143.jpg;
10117.jpg;
10198.jpg;
10253.jpg;
10037.jpg;
10378.jpg;
10034.jpg;
10097.jpg;
10272.jpg;
10080.jpg;
10153.jpg;
10206.jpg;
10135.jpg;
10241.jpg;
10363.jpg;
10048.jpg;
10126.jpg;
10291.jpg;
10346.jpg;
10368.jpg;
10083.jpg;
10062.jpg;
10246.jpg;
10325.jpg;
10093.jpg;
10354.jpg;
10350.jpg;
10331.jpg;
10063.jpg;
10370.jpg;
10027.jpg;
10321.jpg;
10249.jpg;
10365.jpg;
10098.jpg;
10130.jpg;
10251.jpg;
10196.jpg;
10012.jpg;
10013.jpg;
10115.jpg;
10304.jpg;
10124.jpg;
10308.jpg;
10306.jpg;
10340.jpg;
10284.jpg;
10184.jpg;
10023.jpg;
10218.jpg;
10379.jpg;
10235.jpg;
10004.jpg;
10026.jpg;
10186.jpg;
10361.jpg;
10163.jpg;
10347.jpg;
10170.jpg;
10326.jpg;
10095.jpg;
10293.jpg;
10327.jpg;
10190.jpg;
10084.jpg;
10226.jpg;
10139.jpg;
10279.jpg;
10280.jpg;
10318.jpg;
10051.jpg;
10075.jpg;
10070.jpg;
10222.jpg;
10057.jpg;
10232.jpg;
10292.jpg;
10128.jpg;
10263.jpg;
10242.jpg;
10360.jpg;
10001.jpg;
10244.jpg;
10011.jpg;
10131.jpg;
10152.jpg;
10261.jpg;
10217.jpg;
10166.jpg;
10359.jpg;
10367.jpg;
10247.jpg;
10018.jpg;
10316.jpg;
10119.jpg;
10317.jpg;
10265.jpg;
10197.jpg;
10351.jpg;
10271.jpg;
10160.jpg;
10019.jpg;
10262.jpg;
10167.jpg;
10177.jpg;
10154.jpg;
10078.jpg;
10105.jpg;
10052.jpg;
10375.jpg;
10225.jpg;
10003.jpg;
10006.jpg;
10257.jpg;
10269.jpg;
10254.jpg;
10333.jpg;
10264.jpg;
10255.jpg;
10335.jpg;
10141.jpg;
10120.jpg;
10295.jpg;
10339.jpg;
10301.jpg;
10366.jpg;
10332.jpg;
10045.jpg;
10298.jpg;
10108.jpg;
10323.jpg;
10231.jpg;
10017.jpg;
10146.jpg;
10268.jpg;
10328.jpg;
10381.jpg;
10168.jpg;
10337.jpg;
10064.jpg;
10315.jpg;
10248.jpg;
10294.jpg;
10342.jpg;
10320.jpg;
10297.jpg;
10066.jpg;
10202.jpg;
10212.jpg;
10341.jpg;
10009.jpg;
10145.jpg;
10312.jpg;
10240.jpg;
10071.jpg;
10266.jpg;
10161.jpg;
